name,category,rating,review,link,add,hour,tel
로우앤슬로우,"육류,고기",2.8,349,https://place.map.kakao.com/1376253571,서울 용산구 보광로 126 2층,,02-793-2268
바토스 이태원점,"멕시칸,브라질",3.6,260,https://place.map.kakao.com/21535686,"서울 용산구 이태원로15길 1 1,2층",,02-797-8226
챔프커피 2작업실,커피전문점,3.6,188,https://place.map.kakao.com/1143868163,서울 용산구 녹사평대로26가길 24 1층,,02-790-4516
매덕스피자,피자,3.8,270,https://place.map.kakao.com/26966268,서울 용산구 이태원로26길 26 2층,,02-792-2420
오리지널 팬케익하우스 이태원점,디저트카페,3.0,120,https://place.map.kakao.com/27462552,서울 용산구 이태원로 153 덕흥빌딩 1층,,02-795-7481
꾸띠자르당,패밀리레스토랑,3.4,157,https://place.map.kakao.com/26928254,서울 용산구 보광로 120,,02-793-5072
쏭타이 이태원점,태국음식,3.8,243,https://place.map.kakao.com/26988317,서울 용산구 이태원로20가길 7-2 2층,,02-798-2495
오아시스 한남점,디저트카페,3.0,252,https://place.map.kakao.com/1456774315,"서울 용산구 이태원로45길 30 1,2층",,02-790-8906
다운타우너 한남,햄버거,4.1,662,https://place.map.kakao.com/1312159706,서울 용산구 대사관로5길 12 1층,,0507-1405-3696
키에리 이태원점,디저트카페,1.8,127,https://place.map.kakao.com/800587300,서울 용산구 이태원로26길 16-8 1층,,
명동교자 이태원점,국수,3.6,133,https://place.map.kakao.com/1952478679,서울 용산구 녹사평대로 136,,02-790-7300
야키토리고우,일본식주점,4.0,46,https://place.map.kakao.com/19723946,서울 용산구 이태원로27가길 45 지하1층,,02-794-7088
아노브 이태원본점,피자,4.5,98,https://place.map.kakao.com/26781910,서울 용산구 이태원로20가길 7-5 1층,,0507-1428-6606
오월의종,"제과,베이커리",4.1,67,https://place.map.kakao.com/8025414,서울 용산구 이태원로 229 1층,,02-792-5561
모터시티바이매니멀 본점,피자,3.4,187,https://place.map.kakao.com/124338573,서울 용산구 이태원로 140-1 2층,,02-794-8877
부자피자 1호점,피자,3.7,164,https://place.map.kakao.com/21212902,서울 용산구 이태원로55가길 28,,02-794-9474
맥심플랜트,카페,4.3,335,https://place.map.kakao.com/711864705,서울 용산구 이태원로 250,,070-4287-8557
플랜트 이태원,양식,4.3,61,https://place.map.kakao.com/131087887,서울 용산구 보광로 117 2층,,02-749-1981
롸카두들 내쉬빌핫치킨 이태원점,햄버거,4.3,244,https://place.map.kakao.com/654491255,서울 용산구 녹사평대로40나길 9 1층,,02-798-3456
더할랄가이즈 이태원점,양식,3.7,119,https://place.map.kakao.com/276673831,서울 용산구 이태원로 187,,02-794-8308
타파스바,"호프,요리주점",3.9,144,https://place.map.kakao.com/27494932,서울 용산구 이태원로27가길 49 1층,,010-3468-0799
다츠,퓨전요리,3.8,96,https://place.map.kakao.com/442572058,서울 용산구 이태원로55나길 6,,02-792-7445
나리의집,삼겹살,3.2,227,https://place.map.kakao.com/8194939,서울 용산구 이태원로 245,,02-793-4860
앤트러사이트 한남점,카페,3.5,185,https://place.map.kakao.com/27344582,서울 용산구 이태원로 240 1~3층,,02-797-7508
테라로사 한남점,커피전문점,3.9,76,https://place.map.kakao.com/163434813,"서울 용산구 이태원로36길 15 지하1,2층",,033-648-2760
단골집,"호프,요리주점",4.1,317,https://place.map.kakao.com/27474269,서울 용산구 보광로59길 14-1 2층,,02-797-3373
미스터케밥 이태원점,양식,3.8,68,https://place.map.kakao.com/11520662,서울 용산구 이태원로 192,,070-7758-1997
벽돌해피푸드,중식,4.0,191,https://place.map.kakao.com/179303628,서울 용산구 이태원로 238,,02-797-8586
동아냉면,냉면,2.4,76,https://place.map.kakao.com/7839404,서울 용산구 우사단로 5,,02-796-2796
써머레인,디저트카페,3.5,26,https://place.map.kakao.com/1562438866,서울 용산구 이태원로55가길 49 1층,,02-792-8114
콩카페 이태원점,카페,4.3,182,https://place.map.kakao.com/1886309015,"서울 용산구 녹사평대로 168-8 1,2층",,
부다스벨리,태국음식,4.4,180,https://place.map.kakao.com/17011339,서울 용산구 녹사평대로40길 48,,
테이프,카페,3.6,113,https://place.map.kakao.com/1187934853,서울 용산구 이태원로14길 21 2층,,
사유,갤러리카페,3.0,425,https://place.map.kakao.com/256884650,서울 용산구 이태원로54길 5,,02-2289-9050
로즈앤크라운,"호프,요리주점",3.8,90,https://place.map.kakao.com/14934764,"서울 용산구 이태원로19길 6 2,3층",,010-7532-5484
프로스트,"호프,요리주점",2.8,34,https://place.map.kakao.com/18324577,서울 용산구 이태원로27가길 26 해밀톤호텔 별관 1층,,02-796-6854
바다식당,"찌개,전골",2.9,120,https://place.map.kakao.com/7881602,서울 용산구 이태원로 245 2층,,02-795-1317
꾸잉,베트남음식,4.4,84,https://place.map.kakao.com/581510611,서울 용산구 이태원로 189 1층,,02-796-1244
카사코로나 서울,술집,3.3,58,https://place.map.kakao.com/1974912405,서울 용산구 보광로60길 7 4층,,070-4105-2234
셰프테이너,이탈리안,3.6,40,https://place.map.kakao.com/1931537017,서울 용산구 이태원로27길 101,,02-794-9171
패션5 한남점,"제과,베이커리",3.0,188,https://place.map.kakao.com/10889757,서울 용산구 이태원로 272 1층,,02-2071-9515
라쿠치나,이탈리안,3.9,86,https://place.map.kakao.com/7849814,서울 용산구 회나무로44길 10,,02-794-6005
한남베르그,카페,4.2,222,https://place.map.kakao.com/1840672910,서울 용산구 이태원로54길 58-26 1층,,02-790-1750
쟈니덤플링 본관,중화요리,4.1,99,https://place.map.kakao.com/721715250,서울 용산구 보광로59길 33,,
공기,한식,3.7,38,https://place.map.kakao.com/617210652,"서울 용산구 이태원로45길 4 1,2층",,02-797-7753
치즈플로,양식,3.9,166,https://place.map.kakao.com/1771824067,서울 용산구 이태원로49길 19,화~금 12:00 ~ 23:00,02-794-7010
더베이커스테이블,"제과,베이커리",2.9,317,https://place.map.kakao.com/18376376,서울 용산구 녹사평대로 244-1 1층,영업시간 매일 08:00 ~ 21:00,070-7717-3501
케르반 레스토랑 이태원점,터키음식,2.7,62,https://place.map.kakao.com/17061718,서울 용산구 이태원로 192 2층,월~금 15:00 ~ 02:00,02-792-4767
빠레뜨한남,이탈리안,2.8,421,https://place.map.kakao.com/1251846939,서울 용산구 이태원로54길 16-7 1층,영업시간 매일 11:30 ~ 21:00 · 브레이크타임 매일 15:30 ~ 17:00,070-8873-5433
스페인클럽 이태원점,양식,3.1,65,https://place.map.kakao.com/15658631,서울 용산구 이태원로 216 1층,화~일 12:00 ~ 23:00 · 브레이크타임 화~금 15:30 ~ 17:00,02-795-1118
저스틴스테이크,"스테이크,립",3.9,509,https://place.map.kakao.com/26904863,서울 용산구 이태원로26길 18,매일 11:30 ~ 22:30 · 브레이크타임 월~금 15:30 ~ 16:30,02-790-8783
왕타이,태국음식,3.9,33,https://place.map.kakao.com/11658298,서울 용산구 이태원로 151 영화빌딩 3층,화~일 11:30 ~ 22:00 · 브레이크타임 화~일 15:00 ~ 17:00,02-749-2746
어글리소사이어티,양식,4.1,114,https://place.map.kakao.com/871484697,서울 용산구 보광로59길 40 6층 602호,매일 16:00 ~ 24:00,010-4937-0892
비스테까 이태원본점,이탈리안,3.4,123,https://place.map.kakao.com/26357129,서울 용산구 회나무로 49,매일 12:00 ~ 22:30 · 브레이크타임 매일 16:00 ~ 18:00,02-792-7775
텅앤그루브조인트,"육류,고기",3.8,134,https://place.map.kakao.com/27549051,서울 용산구 보광로60길 7 1층,매일 11:30 ~ 23:00,02-790-7036
브라이리퍼블릭 이태원점,"스테이크,립",4.3,53,https://place.map.kakao.com/14608358,서울 용산구 이태원로14길 19 2층,화~일 12:00 ~ 23:00,070-8879-1967
이태원 걸구네,"곱창,막창",4.4,30,https://place.map.kakao.com/12765646,서울 용산구 이태원로26길 6,매일 17:00 ~ 03:00,02-795-3992
트로이카,양식,4.2,58,https://place.map.kakao.com/14500573,서울 용산구 이태원로 164-1 5층,매일 12:00 ~ 23:00,02-797-7724
지노스뉴욕피자,피자,3.7,86,https://place.map.kakao.com/27510661,서울 용산구 녹사평대로40길 46 2층,매일 11:30 ~ 22:00 · 브레이크타임 월~금 15:00 ~ 17:00,02-792-2234
소와나,일식,2.5,235,https://place.map.kakao.com/1147452616,서울 용산구 이태원로54길 68,"월,화,수,금,토,일 11:30 ~ 22:00",
무진장,카페,4.3,128,https://place.map.kakao.com/954423286,서울 용산구 녹사평대로 168-18,매일 12:00 ~ 22:00,
파이프,양식,3.7,150,https://place.map.kakao.com/24944823,서울 용산구 이태원로26길 19 지하1층,월~금 18:00 ~ 23:00,
코레아노스,"멕시칸,브라질",3.2,120,https://place.map.kakao.com/1796473441,서울 용산구 녹사평대로40길 46,매일 12:00 ~ 23:00,02-795-4427
멘야산다이메 이태원점,일본식라면,3.1,82,https://place.map.kakao.com/22484529,서울 용산구 이태원로 208 2층,매일 11:00 ~ 24:00,02-790-4129
샐러드셀러,채식뷔페,4.4,135,https://place.map.kakao.com/26940054,서울 용산구 대사관로5길 28 1층,영업시간 화~토 11:00 ~ 21:00 · 브레이크타임 화~금 15:00 ~ 16:30,02-794-0282
세미계,닭요리,3.2,140,https://place.map.kakao.com/27029036,서울 용산구 대사관로 34 1층,매일 17:30 ~ 23:00,02-792-2155
아그라 이태원점,인도음식,3.4,39,https://place.map.kakao.com/11401521,서울 용산구 이태원로 153 덕흥빌딩 지하1층,,070-8230-4320
로코스비비큐,양식,3.9,68,https://place.map.kakao.com/618020526,서울 용산구 회나무로 83,매일 11:30 ~ 23:30,02-794-3234
술탄터키케밥하우스,터키음식,3.5,80,https://place.map.kakao.com/11123498,서울 용산구 보광로 126,매일 00:00 ~ 24:00,02-749-3890
헬카페,카페,3.4,70,https://place.map.kakao.com/25548485,서울 용산구 보광로 76,월~금 08:00 ~ 22:00,
빠르크 한남점,한식,3.9,79,https://place.map.kakao.com/21539210,서울 용산구 이태원로55가길 26-5 2층,월~금 11:30 ~ 22:00 · 브레이크타임1 월~금 15:30 ~ 17:30,02-792-2022
케이투원투,커피전문점,2.8,9,https://place.map.kakao.com/1768894016,서울 용산구 녹사평대로26길 36,매일 10:00 ~ 23:00,02-749-2954
올드페리도넛,도넛,3.7,765,https://place.map.kakao.com/802213706,서울 용산구 한남대로27길 66 2층,"월,수,목,금,토,일 11:00 ~ 22:00",02-6015-2022
서울루덴스,카페,1.8,55,https://place.map.kakao.com/19615417,서울 용산구 회나무로 69 지하1층,월~금 12:00 ~ 02:00,02-795-4151
모수서울,양식,4.6,13,https://place.map.kakao.com/159566752,서울 용산구 이태원로55가길 45,화~토 12:00 ~ 23:00 · 브레이크타임 화~토 15:00 ~ 18:00,02-793-5995
무진장,카페,4.3,128,https://place.map.kakao.com/954423286,서울 용산구 녹사평대로 168-18,매일 12:00 ~ 22:00,
파이프,양식,3.7,150,https://place.map.kakao.com/24944823,서울 용산구 이태원로26길 19 지하1층,월~금 18:00 ~ 23:00,
코레아노스,"멕시칸,브라질",3.2,120,https://place.map.kakao.com/1796473441,서울 용산구 녹사평대로40길 46,매일 12:00 ~ 23:00,02-795-4427
멘야산다이메 이태원점,일본식라면,3.1,82,https://place.map.kakao.com/22484529,서울 용산구 이태원로 208 2층,매일 11:00 ~ 24:00,02-790-4129
샐러드셀러,채식뷔페,4.4,135,https://place.map.kakao.com/26940054,서울 용산구 대사관로5길 28 1층,영업시간 화~토 11:00 ~ 21:00 · 브레이크타임 화~금 15:00 ~ 16:30,02-794-0282
세미계,닭요리,3.2,140,https://place.map.kakao.com/27029036,서울 용산구 대사관로 34 1층,매일 17:30 ~ 23:00,02-792-2155
아그라 이태원점,인도음식,3.4,39,https://place.map.kakao.com/11401521,서울 용산구 이태원로 153 덕흥빌딩 지하1층,,070-8230-4320
로코스비비큐,양식,3.9,68,https://place.map.kakao.com/618020526,서울 용산구 회나무로 83,매일 11:30 ~ 23:30,02-794-3234
술탄터키케밥하우스,터키음식,3.5,80,https://place.map.kakao.com/11123498,서울 용산구 보광로 126,매일 00:00 ~ 24:00,02-749-3890
헬카페,카페,3.4,70,https://place.map.kakao.com/25548485,서울 용산구 보광로 76,월~금 08:00 ~ 22:00,
빠르크 한남점,한식,3.9,79,https://place.map.kakao.com/21539210,서울 용산구 이태원로55가길 26-5 2층,월~금 11:30 ~ 22:00 · 브레이크타임1 월~금 15:30 ~ 17:30,02-792-2022
케이투원투,커피전문점,2.8,9,https://place.map.kakao.com/1768894016,서울 용산구 녹사평대로26길 36,매일 10:00 ~ 23:00,02-749-2954
올드페리도넛,도넛,3.7,765,https://place.map.kakao.com/802213706,서울 용산구 한남대로27길 66 2층,"월,수,목,금,토,일 11:00 ~ 22:00",02-6015-2022
서울루덴스,카페,1.8,55,https://place.map.kakao.com/19615417,서울 용산구 회나무로 69 지하1층,월~금 12:00 ~ 02:00,02-795-4151
모수서울,양식,4.6,13,https://place.map.kakao.com/159566752,서울 용산구 이태원로55가길 45,화~토 12:00 ~ 23:00 · 브레이크타임 화~토 15:00 ~ 18:00,02-793-5995
몽크스부처,아시아음식,3.7,72,https://place.map.kakao.com/1701160594,"서울 용산구 이태원로 228-1 3,4층",,02-790-1108
한도니 이태원본점,"육류,고기",4.3,14,https://place.map.kakao.com/26500256,서울 용산구 우사단로 31,,02-794-0092
TRVR,카페,3.7,55,https://place.map.kakao.com/359054379,서울 용산구 회나무로44가길 45,,02-6927-7728
잭스바,"호프,요리주점",3.8,40,https://place.map.kakao.com/534539976,서울 용산구 이태원로27가길 52 1층,,010-9018-6566
일호식 사운즈한남점,한식,3.0,54,https://place.map.kakao.com/24264865,서울 용산구 대사관로 35 지하1층,,02-794-2648
더버뮤다,양식,3.5,106,https://place.map.kakao.com/24879049,서울 용산구 녹사평대로 168-6,,02-749-9447
스타벅스 이태원역점,커피전문점,3.7,16,https://place.map.kakao.com/105554166,서울 용산구 이태원로 188,,1522-3232
타코아미고,"멕시칸,브라질",4.3,25,https://place.map.kakao.com/8111953,서울 용산구 보광로 123,,02-749-5253
트레비아,피자,4.5,31,https://place.map.kakao.com/14707633,서울 용산구 이태원로15길 1 1층,,02-794-6003
파치드 서울,카페,4.2,64,https://place.map.kakao.com/1501924814,서울 용산구 녹사평대로40다길 3-3 지하1층,,
돼지래스토랑 둘째,삼겹살,3.9,139,https://place.map.kakao.com/894497326,서울 용산구 보광로59길 14-1,,070-8118-7370
곱창도선생,"곱창,막창",3.5,159,https://place.map.kakao.com/1097131623,서울 용산구 이태원로 169,,070-7789-0717
교양식사,"육류,고기",4.2,66,https://place.map.kakao.com/1014727703,서울 용산구 이태원로 238,,02-795-4040
케르반베이커리,"제과,베이커리",3.8,26,https://place.map.kakao.com/24375610,서울 용산구 이태원로 208,,02-790-5585
알밤,이탈리안,4.4,77,https://place.map.kakao.com/19715641,서울 용산구 이태원로54길 47,,
몽크스부처,아시아음식,3.7,72,https://place.map.kakao.com/1701160594,"서울 용산구 이태원로 228-1 3,4층",월~금 18:00 ~ 22:30,02-790-1108
한도니 이태원본점,"육류,고기",4.3,14,https://place.map.kakao.com/26500256,서울 용산구 우사단로 31,매일 00:00 ~ 24:00,02-794-0092
TRVR,카페,3.7,55,https://place.map.kakao.com/359054379,서울 용산구 회나무로44가길 45,영업시간 월~금 09:00 ~ 20:30,02-6927-7728
잭스바,"호프,요리주점",3.8,40,https://place.map.kakao.com/534539976,서울 용산구 이태원로27가길 52 1층,,010-9018-6566
일호식 사운즈한남점,한식,3.0,54,https://place.map.kakao.com/24264865,서울 용산구 대사관로 35 지하1층,매일 11:00 ~ 22:00 · 브레이크타임 매일 16:00 ~ 18:00,02-794-2648
더버뮤다,양식,3.5,106,https://place.map.kakao.com/24879049,서울 용산구 녹사평대로 168-6,화~일 11:30 ~ 03:00,02-749-9447
스타벅스 이태원역점,커피전문점,3.7,16,https://place.map.kakao.com/105554166,서울 용산구 이태원로 188,영업시간 월~금 08:00 ~ 21:00,1522-3232
타코아미고,"멕시칸,브라질",4.3,25,https://place.map.kakao.com/8111953,서울 용산구 보광로 123,매일 12:00 ~ 22:00,02-749-5253
트레비아,피자,4.5,31,https://place.map.kakao.com/14707633,서울 용산구 이태원로15길 1 1층,매일 11:30 ~ 23:00,02-794-6003
파치드 서울,카페,4.2,64,https://place.map.kakao.com/1501924814,서울 용산구 녹사평대로40다길 3-3 지하1층,영업시간 매일 11:00 ~ 21:00,
돼지래스토랑 둘째,삼겹살,3.9,139,https://place.map.kakao.com/894497326,서울 용산구 보광로59길 14-1,매일 17:00 ~ 00:00,070-8118-7370
곱창도선생,"곱창,막창",3.5,159,https://place.map.kakao.com/1097131623,서울 용산구 이태원로 169,매일 17:00 ~ 05:00,070-7789-0717
교양식사,"육류,고기",4.2,66,https://place.map.kakao.com/1014727703,서울 용산구 이태원로 238,월~금 17:00 ~ 24:00,02-795-4040
케르반베이커리,"제과,베이커리",3.8,26,https://place.map.kakao.com/24375610,서울 용산구 이태원로 208,월~금 09:00 ~ 24:00,02-790-5585
알밤,이탈리안,4.4,77,https://place.map.kakao.com/19715641,서울 용산구 이태원로54길 47,영업시간 화~토 12:00 ~ 20:30 · 브레이크타임 화~금 14:30 ~ 18:00,
이태원소주집,"호프,요리주점",4.8,55,https://place.map.kakao.com/27594361,서울 용산구 녹사평대로40길 46 코레아노스 2층,,
문화주점,"호프,요리주점",3.2,39,https://place.map.kakao.com/27437895,서울 용산구 보광로 125,,02-3785-1015
오월의종 단풍나무점,"제과,베이커리",4.3,16,https://place.map.kakao.com/18347958,서울 용산구 이태원로49길 24,,02-749-9481
Apt서울,카페,4.2,15,https://place.map.kakao.com/27549045,서울 용산구 보광로51길 4,,070-7789-9710
고메이494 한남점,푸드코트,3.8,177,https://place.map.kakao.com/750736065,서울 용산구 한남대로 91,,02-6905-4940
어메이징타이,태국음식,4.1,41,https://place.map.kakao.com/19856523,서울 용산구 이태원로 238-1 3층,,02-796-7377
그레트힐란,카페,2.4,34,https://place.map.kakao.com/24976020,서울 용산구 회나무로 60-1,,02-797-9541
한남동한방통닭,치킨,4.0,297,https://place.map.kakao.com/16330571,서울 용산구 대사관로34길 38,,02-797-8677
1842,양식,4.5,112,https://place.map.kakao.com/795760330,서울 용산구 이태원로 244 L1층,,02-792-1842
팬케이크샵,카페,4.0,53,https://place.map.kakao.com/1744219383,서울 용산구 녹사평대로40다길 2,,
앙카라피크닉,터키음식,4.1,31,https://place.map.kakao.com/17001472,서울 용산구 이태원로 182,,
잠수교집 2호점,삼겹살,3.6,194,https://place.map.kakao.com/715349795,서울 용산구 신흥로 37,,02-792-0434
소설옥 이태원점,"육류,고기",3.3,14,https://place.map.kakao.com/702529465,서울 용산구 녹사평대로40길 31 1층,,02-797-0583
휴135,"육류,고기",3.6,64,https://place.map.kakao.com/340263215,서울 용산구 이태원로55나길 6 1층,,070-4155-0135
아르모니움,이탈리안,3.3,66,https://place.map.kakao.com/20101861,서울 용산구 대사관로 33,,02-792-3972
섹터118,양식,4.4,71,https://place.map.kakao.com/1329163449,서울 용산구 보광로 118 1층,,02-3785-3118
맥도날드 이태원점,패스트푸드,2.7,6,https://place.map.kakao.com/16988033,서울 용산구 이태원로 142-1,,070-7017-0305
화로 이태원점,"육류,고기",4.0,104,https://place.map.kakao.com/2068210481,서울 용산구 이태원로27가길 51 지층,,02-794-3335
이태원양꼬치,양꼬치,4.0,30,https://place.map.kakao.com/1283389548,서울 용산구 이태원로20길 22,,02-790-9919
야고만두 이태원점,분식,2.6,24,https://place.map.kakao.com/21326024,서울 용산구 우사단로 42 1층,,02-749-1110
티라벤토,커피전문점,3.1,65,https://place.map.kakao.com/243851901,서울 용산구 녹사평대로26길 77-6,,070-8866-8194
코파카바나그릴,"멕시칸,브라질",3.8,30,https://place.map.kakao.com/17357597,서울 용산구 이태원로 142-1 쌍정빌딩 4층,,02-796-1660
길버트버거앤프라이즈 이태원점,햄버거,4.1,22,https://place.map.kakao.com/27469888,서울 용산구 녹사평대로40길 55-2 2층,,02-792-7676
아이라이크마운틴,카페,3.9,53,https://place.map.kakao.com/1249165296,서울 용산구 대사관로6가길 9,,02-6405-1025
구스테이크733,"스테이크,립",3.0,25,https://place.map.kakao.com/17341478,서울 용산구 이태원로27길 101,,02-794-7339
정민,중식,4.1,54,https://place.map.kakao.com/27362142,서울 용산구 이태원로54길 58-18,,02-790-6355
이진칸,일본식주점,4.4,57,https://place.map.kakao.com/1341481623,서울 용산구 보광로 124 3층,,02-794-2805
알페도,"제과,베이커리",4.1,49,https://place.map.kakao.com/582841952,"서울 용산구 이태원로 174 1층 4, 5호",,02-794-1134
우사단고기,"육류,고기",3.5,37,https://place.map.kakao.com/27400219,서울 용산구 우사단로10길 58-1,,010-6564-6382
따봉브라질,"멕시칸,브라질",4.0,30,https://place.map.kakao.com/13643142,서울 용산구 이태원로 161 2층,,02-797-3363
삼곱식당 이태원점,"육류,고기",5.0,53,https://place.map.kakao.com/1797336550,서울 용산구 보광로59길 17,,02-794-8411
아이도넛케어,도넛,4.0,52,https://place.map.kakao.com/1379467659,서울 용산구 이태원로20가길 4,,070-8882-3947
24시뼈다귀감자탕,감자탕,4.0,157,https://place.map.kakao.com/8397790,서울 용산구 대사관로 73 1층,,02-790-8309
백억포차 이태원점,실내포장마차,3.3,35,https://place.map.kakao.com/616898258,서울 용산구 보광로59길 32,,02-797-9912
모모의기묘한모험,일본식주점,3.8,45,https://place.map.kakao.com/1644755845,서울 용산구 이태원로27가길 51 1층,,
그릴도하 한남점,양식,4.4,55,https://place.map.kakao.com/642900776,서울 용산구 이태원로 268 2층,,010-2328-9154
더구룸,양식,2.9,123,https://place.map.kakao.com/933156256,서울 용산구 이태원로 208 4층,,
페트라,양식,4.0,19,https://place.map.kakao.com/20950913,서울 용산구 녹사평대로40길 33 2층,,02-790-4433
33아파트먼트,카페,3.9,41,https://place.map.kakao.com/101568646,서울 용산구 한남대로27길 33 1층,,02-794-0033
캘리포니아키친 앤 크래프트펍,양식,4.5,30,https://place.map.kakao.com/766659254,서울 용산구 회나무로26길 3 라인빌딩 2층 201호,,02-790-6074
남산와이너리,와인바,4.2,43,https://place.map.kakao.com/27481670,서울 용산구 회나무로10길 5,,02-792-5849
꿈앤펀,양식,4.4,68,https://place.map.kakao.com/15643356,"서울 용산구 보광로60길 14-18 1,2층",,
강가네맷돌빈대떡,"호프,요리주점",3.5,147,https://place.map.kakao.com/13566698,서울 용산구 대사관로24길 27,,02-792-1967
더플라잉팬 블루,양식,2.7,22,https://place.map.kakao.com/7838033,서울 용산구 이태원로27가길 13,,02-793-5285
더테이블키친,양식,4.0,149,https://place.map.kakao.com/1718230091,서울 용산구 이태원로54길 58-7,,02-6011-1117
오라라,카페,3.9,106,https://place.map.kakao.com/146026999,서울 용산구 이태원로54길 32,,
브론즈라운지X레이지캣,"호프,요리주점",3.6,69,https://place.map.kakao.com/426456239,"서울 용산구 이태원로 179 해밀턴쇼핑센터 2층 22,23호",,02-792-8211
모토사주타로,사주카페,4.4,109,https://place.map.kakao.com/512863693,서울 용산구 이태원로27가길 49 1층,,010-4474-3678
트로이,터키음식,4.5,18,https://place.map.kakao.com/1552783005,서울 용산구 보광로 125 2층,,02-792-2599
썰스데이파티,"호프,요리주점",2.6,10,https://place.map.kakao.com/25130850,서울 용산구 이태원로27길 6,,02-790-4222
투썸플레이스 이태원역점,커피전문점,3.1,12,https://place.map.kakao.com/1195593657,서울 용산구 이태원로 180 3층,,02-792-2377
코뮨,카페,3.8,111,https://place.map.kakao.com/1390066469,서울 용산구 이태원로49길 14-2 1층,,
글램라운지,칵테일바,3.4,21,https://place.map.kakao.com/20373260,서울 용산구 이태원로27가길 26 해밀톤호텔 별관 2층,,02-796-6853
스타벅스 한강진역R점,커피전문점,4.2,31,https://place.map.kakao.com/267148550,서울 용산구 이태원로 252,,1522-3232
루트에브리데이 한남점,양식,3.9,113,https://place.map.kakao.com/82608069,서울 용산구 이태원로55가길 26-4 2층,,02-797-9505
베라피자나폴리 한남점,피자,2.7,54,https://place.map.kakao.com/19410093,서울 용산구 이태원로 272 SPC빌딩 3층,,02-796-7223
끗집,회,3.0,86,https://place.map.kakao.com/314074396,서울 용산구 이태원로19길 12 1층,,
꿀밤,"호프,요리주점",4.0,7,https://place.map.kakao.com/126985344,서울 용산구 이태원로27가길 45 1층,,010-3291-1276
마오 이태원점,중화요리,3.1,26,https://place.map.kakao.com/25047243,서울 용산구 회나무로 57,,02-793-8845
오토,분식,3.7,42,https://place.map.kakao.com/1076940831,서울 용산구 우사단로10다길 1 1층,,02-794-0110
단풍나무집,"육류,고기",3.1,12,https://place.map.kakao.com/11646433,서울 용산구 이태원로27가길 26,,02-790-7977
월간식당,"호프,요리주점",3.2,67,https://place.map.kakao.com/514952725,서울 용산구 이태원로54길 58-12 1층,,02-6261-8293
기다스시,"초밥,롤",3.1,32,https://place.map.kakao.com/24211286,서울 용산구 이태원로 230,,02-749-3558
미도리야,일본식주점,2.6,57,https://place.map.kakao.com/24985617,서울 용산구 이태원로26길 19,,
이태원교집합,와인바,4.5,41,https://place.map.kakao.com/761695641,서울 용산구 보광로55길 19 1층,,070-7760-0911
잠수교집 본점,"육류,고기",2.0,137,https://place.map.kakao.com/938457981,서울 용산구 장문로 81 1층,,
이태원계단집,"호프,요리주점",4.2,66,https://place.map.kakao.com/931765532,서울 용산구 이태원로26길 16 1층,,
피자레볼루션 이태원점,피자,3.3,107,https://place.map.kakao.com/27347360,서울 용산구 우사단로 47,,02-797-8290
제이엘디저트바,디저트카페,4.1,56,https://place.map.kakao.com/1021254842,서울 용산구 이태원로55가길 38 2층,,02-543-6140
JR PUB,"호프,요리주점",3.0,18,https://place.map.kakao.com/16849964,서울 용산구 보광로 127,,02-793-3567
MTL 한남점,카페,3.3,151,https://place.map.kakao.com/825560124,서울 용산구 이태원로49길 24,,070-4113-3113
마렘마,양식,3.5,99,https://place.map.kakao.com/27344571,서울 용산구 이태원로49길 8,,02-790-5633
호머피자,피자,3.7,10,https://place.map.kakao.com/27359491,서울 용산구 이태원로42길 19 2층,,02-793-3825
살선생 한남점,오뎅바,4.6,31,https://place.map.kakao.com/1518136257,서울 용산구 우사단로10길 51,,
선데이아보,카페,4.2,63,https://place.map.kakao.com/1678198142,서울 용산구 회나무로13길 52-43 1층,,
마틸다,양식,4.2,77,https://place.map.kakao.com/27301520,서울 용산구 회나무로13가길 40 1층,,02-790-5714
부기우기,술집,4.0,37,https://place.map.kakao.com/615124608,서울 용산구 회나무로 21 2층,,010-2396-3050
232,칵테일바,4.2,29,https://place.map.kakao.com/1710994348,서울 용산구 이태원로 232 지하1층,,02-749-0232
바바라스키친,"호프,요리주점",3.6,81,https://place.map.kakao.com/21329787,서울 용산구 대사관로5길 17,,070-8834-0908
레호이,동남아음식,3.8,26,https://place.map.kakao.com/26425687,서울 용산구 소월로38가길 5,,070-4242-0426
커피스미스 이태원점,커피전문점,1.7,5,https://place.map.kakao.com/21943523,서울 용산구 이태원로 153 2층,,02-797-6740
루나띵스,카페,4.6,61,https://place.map.kakao.com/1978536173,서울 용산구 녹사평대로46길 38,,
개화,"호프,요리주점",5.0,74,https://place.map.kakao.com/1344289414,서울 용산구 이태원로27가길 50 3층,,
이원일식탁,한식,4.3,40,https://place.map.kakao.com/81785582,서울 용산구 이태원로54길 58-5,,010-7411-8211
스노잉카페 경리단길점,카페,3.6,56,https://place.map.kakao.com/1797857247,서울 용산구 녹사평대로46길 29,,
시화담파인다이닝,한정식,4.1,33,https://place.map.kakao.com/2145955266,서울 용산구 이태원로 254 3층,,02-798-3311
더팬트리,이탈리안,4.8,42,https://place.map.kakao.com/512222450,서울 용산구 이태원로26길 16 2층,,0507-1312-2638
스타벅스 동빙고점,커피전문점,3.9,16,https://place.map.kakao.com/7977694,서울 용산구 장문로 12,,1522-3232
나주집,"육류,고기",3.8,27,https://place.map.kakao.com/17069459,서울 용산구 대사관로 36,,02-790-9600
장강중류,중식,4.1,20,https://place.map.kakao.com/80881045,서울 용산구 이태원로 143-28 1층,,010-6727-0329
마가진상회,술집,3.5,65,https://place.map.kakao.com/27436808,서울 용산구 이태원로26길 28 1층,,02-790-3442
유진막국수,국수,2.7,33,https://place.map.kakao.com/9341771,서울 용산구 장문로 18,,02-797-2307
삐삣버거 한남본점,햄버거,3.5,52,https://place.map.kakao.com/1562600337,서울 용산구 이태원로54길 8 1층,,
이태원더고깃집 본점,갈비,3.1,15,https://place.map.kakao.com/18840628,서울 용산구 이태원로19길 9-4 1층,,02-3785-0514
데이앤나잇,술집,3.6,43,https://place.map.kakao.com/426376811,서울 용산구 이태원로27가길 26 해밀턴호텔 별관 2층,,010-9595-9838
주휴소,"호프,요리주점",3.6,49,https://place.map.kakao.com/2029395450,서울 용산구 이태원로26길 26 지하 1층,,02-749-1470
한국술집안씨막걸리,"호프,요리주점",3.9,38,https://place.map.kakao.com/1384545112,서울 용산구 회나무로 3,,010-9965-5112
콜렉티보 한남점,카페,3.5,111,https://place.map.kakao.com/862095617,서울 용산구 이태원로54길 66,,02-795-5255
이태원쌈밥,쌈밥,3.5,28,https://place.map.kakao.com/1467643340,서울 용산구 이태원로 162 지층,,02-797-6262
와필레,"제과,베이커리",3.5,183,https://place.map.kakao.com/1166409110,서울 용산구 녹사평대로 222,,
세컨드키친 사운즈한남점,패밀리레스토랑,4.0,43,https://place.map.kakao.com/983359050,서울 용산구 대사관로 35,,02-794-7435
엉터리통닭,치킨,2.3,48,https://place.map.kakao.com/12738900,서울 용산구 회나무로 38-1,,02-790-7737
곽경찬시골밥상,한정식,3.8,15,https://place.map.kakao.com/24211279,서울 용산구 이태원로 235,,02-793-5390
자코비버거,햄버거,3.4,192,https://place.map.kakao.com/8057957,서울 용산구 신흥로 38,,02-3785-0433
로우커피한남,카페,4.0,161,https://place.map.kakao.com/1200253808,서울 용산구 이태원로54길 26 지하 1층,,
카페사루,카페,4.3,20,https://place.map.kakao.com/27583352,서울 용산구 회나무로28길 6-3 1층,,02-792-0999
어제의카레,퓨전일식,4.5,58,https://place.map.kakao.com/1937535174,서울 용산구 우사단로2길 3 1층,,010-3943-0848
라구,"스테이크,립",4.0,113,https://place.map.kakao.com/26532546,서울 용산구 신흥로 42 1층,,02-796-8777
초원식당,한식,4.6,8,https://place.map.kakao.com/27395854,서울 용산구 보광로60길 10,,02-790-7009
정든닭발 이태원점,닭요리,3.8,44,https://place.map.kakao.com/18825021,서울 용산구 이태원로19길 13,,02-790-1555
그랜드하얏트 서울 테판,철판요리,4.3,128,https://place.map.kakao.com/1381461764,서울 용산구 소월로 322 LL층,,02-799-8272
타지펠리스,인도음식,4.1,5,https://place.map.kakao.com/11520635,서울 용산구 우사단로 39 2층,,02-790-5786
아지양 본점,"육류,고기",4.9,33,https://place.map.kakao.com/163396353,서울 용산구 이태원로19길 14,,02-790-5535
할리스 이태원점,커피전문점,3.8,10,https://place.map.kakao.com/19336947,서울 용산구 이태원로 179 헤밀턴호텔 B동,,02-749-8752
남산케미스트리,"호프,요리주점",3.4,34,https://place.map.kakao.com/26935628,서울 용산구 회나무로 33,,02-797-2227
내추럴하이,양식,4.4,92,https://place.map.kakao.com/1527641247,서울 용산구 녹사평대로 248 1층,,0507-1326-3372
콰르텟 사운즈한남점,디저트카페,3.4,123,https://place.map.kakao.com/457667590,서울 용산구 대사관로 35 BC동 1층,,02-794-9009
베드럼,술집,3.7,21,https://place.map.kakao.com/16681282,서울 용산구 이태원로 180 지하1층,,02-796-1212
아날로그 소사이어티키친,이탈리안,4.3,48,https://place.map.kakao.com/2061027026,서울 용산구 우사단로2길 19,,010-5483-5001
함선생카이센동,일식집,4.5,61,https://place.map.kakao.com/1306701369,서울 용산구 회나무로 30-1 1층,,02-2233-1888
녹사커피하우스,커피전문점,4.4,7,https://place.map.kakao.com/1206892590,서울 용산구 녹사평대로32길 24 2층,,02-749-7495
심야식당시즌2 주바리프로젝트,양식,4.3,18,https://place.map.kakao.com/24711836,서울 용산구 이태원로20길 2-10 5층,,02-3785-3385
버뮤다트라이앵글,칵테일바,3.7,17,https://place.map.kakao.com/268714227,"서울 용산구 이태원로27가길 46 1,2층",,02-749-0427
레드브릭비스트로,와인바,4.5,27,https://place.map.kakao.com/1769232200,서울 용산구 이태원로20길 13 2~3층,,02-797-5635
볼레로,술집,2.3,32,https://place.map.kakao.com/80089897,서울 용산구 우사단로4길 5,,
리틀인디아서울,인도음식,3.4,49,https://place.map.kakao.com/21856006,서울 용산구 우사단로10길 21,,02-793-5416
수르기,디저트카페,3.7,86,https://place.map.kakao.com/27409440,서울 용산구 이태원로42길 32,,070-8950-0462
SAAP,태국음식,3.7,72,https://place.map.kakao.com/1266854150,서울 용산구 회나무로 36 1층,,070-7761-8666
크래프트한스 이태원점,"호프,요리주점",3.5,21,https://place.map.kakao.com/26330829,서울 용산구 이태원로19길 6-5,,
한우곱창,"곱창,막창",3.0,5,https://place.map.kakao.com/2068696575,서울 용산구 보광로60길 14 1층,,02-6084-7962
피자컴퍼니 이태원점,피자,4.2,17,https://place.map.kakao.com/1310158971,"서울 용산구 이태원로 143-15 1,2층",,02-3785-0787
엘리1930,카페,3.7,12,https://place.map.kakao.com/1273894669,서울 용산구 녹사평대로40나길 19,,02-790-3570
요코스카쓰나미,일식,4.1,44,https://place.map.kakao.com/1808209073,서울 용산구 우사단로2길 20,,010-8500-1996
모로코코카페,양식,3.8,109,https://place.map.kakao.com/276990260,서울 용산구 신흥로 34 남동연립 101호,,02-794-8367
미트볼라운지,양식,3.3,76,https://place.map.kakao.com/236394365,서울 용산구 이태원로54길 36 1층,,02-790-1102
느네집,"호프,요리주점",1.9,10,https://place.map.kakao.com/21393230,서울 용산구 보광로60길 20,,
부산갈비,갈비,3.0,3,https://place.map.kakao.com/7899123,서울 용산구 이태원로27가길 18,,02-796-7641
숙이네닭발,닭요리,4.0,35,https://place.map.kakao.com/15676479,서울 용산구 우사단로10길 47,,02-798-0838
라코르테,이탈리안,2.0,16,https://place.map.kakao.com/27560760,서울 용산구 소월로 323,,02-749-9697
아우프글렛 한남점,카페,4.1,31,https://place.map.kakao.com/1496579773,서울 용산구 이태원로54가길 20,,
마라,중식,3.0,33,https://place.map.kakao.com/24613070,서울 용산구 이태원로 243 4층,,02-794-5559
카사블랑카,샌드위치,4.3,40,https://place.map.kakao.com/24208557,서울 용산구 신흥로 35 1층,,02-797-8367
찰만생대패,"육류,고기",5.0,43,https://place.map.kakao.com/333205845,서울 용산구 이태원로26길 13 1층,,02-790-9233
보마켓 경리단점,카페,2.8,205,https://place.map.kakao.com/2095380948,서울 용산구 녹사평대로 286,,02-792-3380
스시쵸우,"초밥,롤",4.0,40,https://place.map.kakao.com/27320390,서울 용산구 한남대로27가길 10,,02-749-0235
치식가 본점,치킨,4.3,44,https://place.map.kakao.com/1903153125,서울 용산구 보광로59길 29 1층,,02-755-7576
초승달,"초밥,롤",3.6,68,https://place.map.kakao.com/396063103,서울 용산구 회나무로26길 12,,02-7496-4444
오프더레코드,칵테일바,3.9,20,https://place.map.kakao.com/672234528,서울 용산구 이태원로27가길 13 2층,,02-790-1300
이클래스,술집,2.0,0,https://place.map.kakao.com/2025460552,서울 용산구 우사단로14길 3,,
고인돌,갈비,3.9,9,https://place.map.kakao.com/16907091,서울 용산구 녹사평대로 140 크라운호텔 별관 1층,,02-797-9433
느네집,"호프,요리주점",1.9,10,https://place.map.kakao.com/21393230,서울 용산구 보광로60길 20,,
부산갈비,갈비,3.0,3,https://place.map.kakao.com/7899123,서울 용산구 이태원로27가길 18,,02-796-7641
숙이네닭발,닭요리,4.0,35,https://place.map.kakao.com/15676479,서울 용산구 우사단로10길 47,월~토 18:00 ~ 24:00,02-798-0838
라코르테,이탈리안,2.0,16,https://place.map.kakao.com/27560760,서울 용산구 소월로 323,영업시간 매일 11:30 ~ 20:30,02-749-9697
아우프글렛 한남점,카페,4.1,31,https://place.map.kakao.com/1496579773,서울 용산구 이태원로54가길 20,영업시간 매일 11:00 ~ 21:00,
마라,중식,3.0,33,https://place.map.kakao.com/24613070,서울 용산구 이태원로 243 4층,매일 11:30 ~ 24:00,02-794-5559
카사블랑카,샌드위치,4.3,40,https://place.map.kakao.com/24208557,서울 용산구 신흥로 35 1층,화~일 12:00 ~ 22:00,02-797-8367
찰만생대패,"육류,고기",5.0,43,https://place.map.kakao.com/333205845,서울 용산구 이태원로26길 13 1층,,02-790-9233
보마켓 경리단점,카페,2.8,205,https://place.map.kakao.com/2095380948,서울 용산구 녹사평대로 286,영업시간 매일 10:00 ~ 20:00,02-792-3380
스시쵸우,"초밥,롤",4.0,40,https://place.map.kakao.com/27320390,서울 용산구 한남대로27가길 10,영업시간 매일 12:00 ~ 20:00 · 브레이크타임 매일 13:30 ~ 18:00,02-749-0235
치식가 본점,치킨,4.3,44,https://place.map.kakao.com/1903153125,서울 용산구 보광로59길 29 1층,"월,수,목,금,토,일 15:00 ~ 24:00",02-755-7576
초승달,"초밥,롤",3.6,68,https://place.map.kakao.com/396063103,서울 용산구 회나무로26길 12,매일 11:30 ~ 21:30 · 브레이크타임 매일 15:30 ~ 16:30,02-7496-4444
오프더레코드,칵테일바,3.9,20,https://place.map.kakao.com/672234528,서울 용산구 이태원로27가길 13 2층,월~목 19:00 ~ 03:00,02-790-1300
이클래스,술집,2.0,0,https://place.map.kakao.com/2025460552,서울 용산구 우사단로14길 3,,
고인돌,갈비,3.9,9,https://place.map.kakao.com/16907091,서울 용산구 녹사평대로 140 크라운호텔 별관 1층,매일 10:00 ~ 22:00,02-797-9433
남도마루,한정식,2.7,6,https://place.map.kakao.com/2056416131,서울 용산구 녹사평대로32길 59,,02-790-7739
마라케쉬나이트,양식,3.6,33,https://place.map.kakao.com/17103394,서울 용산구 보광로60길 22 1층,,02-795-9441
LTP,카페,3.1,3,https://place.map.kakao.com/179314869,서울 용산구 이태원로45길 7,,
포88,동남아음식,4.3,42,https://place.map.kakao.com/27118749,서울 용산구 녹사평대로26길 24 2층,,02-790-8338
그랜드하얏트서울 테라스,뷔페,2.4,86,https://place.map.kakao.com/10223874,서울 용산구 소월로 322,,02-799-8166
아카이뷰,카페,3.2,61,https://place.map.kakao.com/236255312,서울 용산구 우사단로14길 74 1층,,010-5221-7871
문타로,일본식주점,3.3,5,https://place.map.kakao.com/10419076,서울 용산구 이태원로 230-1,,
더코지코너,카페,4.4,21,https://place.map.kakao.com/27545087,서울 용산구 녹사평대로40나길 6 지하1층,,010-9230-3348
케냐키암부,카페,3.7,22,https://place.map.kakao.com/17256412,서울 용산구 회나무로44길 36,,02-798-0020
엔다이브한남,카페,3.3,110,https://place.map.kakao.com/274919641,서울 용산구 이태원로54길 52-2 1층,,02-794-3334
자리,중화요리,2.6,35,https://place.map.kakao.com/26793540,서울 용산구 이태원로54길 5-5,,070-8278-2947
면사무소,중화요리,3.0,20,https://place.map.kakao.com/23123339,서울 용산구 이태원로26길 22,,0504-1400-3099
야스,이탈리안,2.8,29,https://place.map.kakao.com/1160656793,서울 용산구 이태원로27길 6 5층,,
야상해,중식,4.5,152,https://place.map.kakao.com/64685570,서울 용산구 이태원로23길 6 1층,,02-749-8666
리틀넥,양식,4.0,0,https://place.map.kakao.com/26922368,서울 용산구 녹사평대로46가길 8,,
녹사다리,카페,4.8,44,https://place.map.kakao.com/1467233113,서울 용산구 녹사평대로40가길 2-4 1층,,0507-1320-0279
미슐램,갈비,5.0,13,https://place.map.kakao.com/1626674485,서울 용산구 녹사평대로 168-6,,02-790-3838
스테어웨이,칵테일바,4.3,18,https://place.map.kakao.com/967274581,서울 용산구 이태원로27가길 8,,02-795-1988
플러스84 이태원점,베트남음식,2.9,64,https://place.map.kakao.com/407065276,서울 용산구 보광로59길 56 2층,,02-797-0838
토레엔,이탈리안,4.3,35,https://place.map.kakao.com/20308047,서울 용산구 회나무로 66 3층,,02-797-7746
씨스루 이태원본점,커피전문점,3.8,76,https://place.map.kakao.com/678639192,서울 용산구 장문로 84 3층,,070-7796-8991
리틀넥한남,양식,4.1,281,https://place.map.kakao.com/1665030426,서울 용산구 한남대로27길 66 1층,,070-8869-9499
슬록,와인바,1.6,14,https://place.map.kakao.com/1810310422,서울 용산구 녹사평대로40가길 3-3 지하 1층,,
포하우스,동남아음식,3.7,5,https://place.map.kakao.com/1326210505,서울 용산구 이태원로20길 2-12 2층,,02-793-5220
일키아쏘,이탈리안,3.3,19,https://place.map.kakao.com/1081085137,서울 용산구 녹사평대로40길 55-7,,02-792-5588
반당,떡볶이,3.2,72,https://place.map.kakao.com/27547533,서울 용산구 이태원로54길 42,,02-749-3803
오드스테어,칵테일바,5.0,44,https://place.map.kakao.com/1634026982,"서울 용산구 녹사평대로40다길 2 3,4층",,02-794-6001
에브리씽벗더히어로,카페,2.9,16,https://place.map.kakao.com/21555431,서울 용산구 회나무로 62,,02-792-7909
버블&코클스,와인바,3.2,40,https://place.map.kakao.com/1958956717,서울 용산구 이태원로45길 8 지하1층,,070-8872-0901
커피빈 이태원점,커피전문점,2.8,4,https://place.map.kakao.com/19031618,서울 용산구 이태원로 189,,02-794-3361
KMGM 이태원점,"호프,요리주점",1.0,2,https://place.map.kakao.com/1407502296,서울 용산구 보광로60길 7 2층,,
북파크,북카페,4.0,105,https://place.map.kakao.com/1559187561,"서울 용산구 이태원로 294 블루스퀘어 2,3층",,070-7770-0539
자성당,"호프,요리주점",4.2,26,https://place.map.kakao.com/212855703,서울 용산구 이태원로26길 17,,
루프탑소와,와인바,0.0,1,https://place.map.kakao.com/532727159,서울 용산구 이태원로27가길 37 6층,,
써클커피,카페,4.0,15,https://place.map.kakao.com/336883324,서울 용산구 우사단로10길 49,,
한와담 한남본점,"육류,고기",3.2,78,https://place.map.kakao.com/22507840,서울 용산구 독서당로 65-1 2층,,02-749-7905
이태원데판,일본식주점,4.7,32,https://place.map.kakao.com/1933888192,서울 용산구 이태원로27가길 5,,02-790-5009
아서원,중화요리,3.2,3,https://place.map.kakao.com/11531349,서울 용산구 이태원로 156,,02-792-4012
네번째집,술집,4.4,31,https://place.map.kakao.com/653915449,서울 용산구 이태원로26길 17 1층,,02-792-4421
마라토끼 이태원본점,중식,2.1,25,https://place.map.kakao.com/1582865908,서울 용산구 이태원로23길 16,,070-7576-2316
루트66,"호프,요리주점",4.8,8,https://place.map.kakao.com/1936080547,서울 용산구 이태원로 164-1 2층,,02-790-6590
장미쌀롱,이탈리안,0.0,27,https://place.map.kakao.com/1438725824,서울 용산구 이태원로19길 6 1층,,010-7932-5484
민들레,국밥,3.1,8,https://place.map.kakao.com/15200301,서울 용산구 보광로 86,,02-749-3908
피자오,피자,4.1,309,https://place.map.kakao.com/27222627,서울 용산구 신흥로 15-1,,02-796-9990
보르고한남,이탈리안,4.0,17,https://place.map.kakao.com/1618801565,서울 용산구 이태원로54길 31 3층,,02-6082-2727
데이로우,디저트카페,3.5,5,https://place.map.kakao.com/13048571,서울 용산구 이태원로49길 14-3 1층,,02-790-1767
모나리자,양식,3.3,36,https://place.map.kakao.com/20706145,서울 용산구 이태원로27가길 46,,02-792-7565
레드라이트,술집,5.0,15,https://place.map.kakao.com/484999042,서울 용산구 이태원로27가길 49,,
사실주의베이컨,양식,3.7,26,https://place.map.kakao.com/1957578480,서울 용산구 우사단로 31-1 1층,,02-797-1775
모모,카페,3.9,7,https://place.map.kakao.com/27284323,서울 용산구 이태원로42길 42,,02-792-5522
아틀리에,칵테일바,4.6,13,https://place.map.kakao.com/538271879,서울 용산구 이태원로27가길 36,,010-8481-8813
솔솥 한남점,한식,4.8,7,https://place.map.kakao.com/74485131,서울 용산구 이태원로54가길 26 지하 1층,,
옛날국시,수제비,4.1,9,https://place.map.kakao.com/26825806,서울 용산구 녹사평대로32길 20-1,,02-798-7997
은마양대창,한식,2.8,171,https://place.map.kakao.com/500686511,서울 용산구 이태원로54길 22 1층,,02-797-5422
문오리,오리,3.4,62,https://place.map.kakao.com/20496563,서울 용산구 회나무로13가길 13 1층,,
겟썸커피 한남점,카페,3.5,10,https://place.map.kakao.com/358266871,서울 용산구 이태원로42길 17,,070-4179-3619
야무초밥,"초밥,롤",3.8,20,https://place.map.kakao.com/1687936709,서울 용산구 이태원로20길 13,,02-792-7440
하타나카라멘,일본식라면,3.3,19,https://place.map.kakao.com/281545398,서울 용산구 이태원로 230-1 지하 1층,,02-749-1164
우시야 이태원점,"육류,고기",4.8,12,https://place.map.kakao.com/1038540821,서울 용산구 이태원로 230 1층,,02-790-6627
한남부대찌개,"찌개,전골",3.6,8,https://place.map.kakao.com/21328419,서울 용산구 대사관로5길 36 1층,,02-795-8988
데이로우,디저트카페,3.5,5,https://place.map.kakao.com/13048571,서울 용산구 이태원로49길 14-3 1층,"영업시간 화,수,목,일 11:00 ~ 21:00",02-790-1767
모나리자,양식,3.3,36,https://place.map.kakao.com/20706145,서울 용산구 이태원로27가길 46,매일 12:00 ~ 03:30,02-792-7565
레드라이트,술집,5.0,15,https://place.map.kakao.com/484999042,서울 용산구 이태원로27가길 49,월~금 18:30 ~ 04:30,
사실주의베이컨,양식,3.7,26,https://place.map.kakao.com/1957578480,서울 용산구 우사단로 31-1 1층,영업시간 매일 11:30 ~ 20:30,02-797-1775
모모,카페,3.9,7,https://place.map.kakao.com/27284323,서울 용산구 이태원로42길 42,매일 12:30 ~ 22:00,02-792-5522
아틀리에,칵테일바,4.6,13,https://place.map.kakao.com/538271879,서울 용산구 이태원로27가길 36,월~금 18:00 ~ 03:00,010-8481-8813
솔솥 한남점,한식,4.8,7,https://place.map.kakao.com/74485131,서울 용산구 이태원로54가길 26 지하 1층,영업시간 매일 11:30 ~ 21:00 · 브레이크타임 매일 15:00 ~ 17:00,
옛날국시,수제비,4.1,9,https://place.map.kakao.com/26825806,서울 용산구 녹사평대로32길 20-1,영업시간 매일 10:00 ~ 19:30,02-798-7997
은마양대창,한식,2.8,171,https://place.map.kakao.com/500686511,서울 용산구 이태원로54길 22 1층,매일 11:30 ~ 22:00,02-797-5422
문오리,오리,3.4,62,https://place.map.kakao.com/20496563,서울 용산구 회나무로13가길 13 1층,수~금 16:00 ~ 22:00,
겟썸커피 한남점,카페,3.5,10,https://place.map.kakao.com/358266871,서울 용산구 이태원로42길 17,영업시간 화~일 11:00 ~ 20:30,070-4179-3619
야무초밥,"초밥,롤",3.8,20,https://place.map.kakao.com/1687936709,서울 용산구 이태원로20길 13,화~금 14:00 ~ 22:00,02-792-7440
하타나카라멘,일본식라면,3.3,19,https://place.map.kakao.com/281545398,서울 용산구 이태원로 230-1 지하 1층,영업시간 매일 11:30 ~ 21:00,02-749-1164
우시야 이태원점,"육류,고기",4.8,12,https://place.map.kakao.com/1038540821,서울 용산구 이태원로 230 1층,매일 18:00 ~ 02:00,02-790-6627
한남부대찌개,"찌개,전골",3.6,8,https://place.map.kakao.com/21328419,서울 용산구 대사관로5길 36 1층,,02-795-8988
굿애프터눈,카페,3.4,29,https://place.map.kakao.com/26891697,서울 용산구 녹사평대로46길 45,,02-794-2923
초능력,술집,3.1,34,https://place.map.kakao.com/26644473,서울 용산구 이태원로42길 34 지하1층,,
팻알버트,양식,3.9,16,https://place.map.kakao.com/27330613,서울 용산구 이태원로27가길 50 1층,,
김실력포차 본점,실내포장마차,3.8,11,https://place.map.kakao.com/920906713,서울 용산구 이태원로27가길 18 1층,,
이태원정종,실내포장마차,4.7,45,https://place.map.kakao.com/67818171,서울 용산구 이태원로 165-1 1층,,
효도치킨 한남점,치킨,4.6,12,https://place.map.kakao.com/1338822120,서울 용산구 대사관로 20,,02-792-0628
웻커피 한남점,카페,3.5,78,https://place.map.kakao.com/379482341,서울 용산구 한남대로27가길 10,,02-6497-3000
잭슨피자 한남점,피자,3.8,88,https://place.map.kakao.com/485192877,서울 용산구 독서당로 46 한남아이파크 1층 107호,,02-798-9335
노스트레스버거,햄버거,3.5,175,https://place.map.kakao.com/2108463136,서울 용산구 신흥로 62,,02-749-2236
한남북엇국,한식,3.5,112,https://place.map.kakao.com/11911367,서울 용산구 독서당로 65-7,,02-2297-1988
종점숯불갈비,갈비,2.8,33,https://place.map.kakao.com/16934913,서울 용산구 장문로 112,,02-749-6887
라뜰리에,양식,3.2,16,https://place.map.kakao.com/15884286,서울 용산구 이태원로 272 spc빌딩 2층,,02-2071-9507
홉가든한남,카페,2.2,40,https://place.map.kakao.com/137964131,서울 용산구 이태원로54가길 13,,02-790-6837
하이힐,보드카페,4.8,6,https://place.map.kakao.com/26773358,서울 용산구 보광로59길 36 5층,,02-790-3106
빌리언박스 이태원본점,햄버거,4.5,7,https://place.map.kakao.com/1103107496,서울 용산구 회나무로 24-1 1층,,070-8154-1564
튤립더와인,와인바,4.0,2,https://place.map.kakao.com/1739229338,서울 용산구 회나무로42길 36,,
가마솥순대국,순대,3.0,3,https://place.map.kakao.com/15778732,서울 용산구 우사단로 43,,
필업커피,커피전문점,4.4,13,https://place.map.kakao.com/2012187082,서울 용산구 녹사평대로32길 3,,
푼토나인 한남점,이탈리안,4.0,18,https://place.map.kakao.com/67693583,서울 용산구 이태원로 234 2층,,
유포리아커피로스터스,카페,3.4,32,https://place.map.kakao.com/789821238,서울 용산구 이태원로54길 58-3,,
배떡 이태원점,"떡,한과",0.0,3,https://place.map.kakao.com/1841104111,서울 용산구 보광로 117,,02-790-2364
한냄비,샤브샤브,3.6,65,https://place.map.kakao.com/26984909,서울 용산구 대사관로30길 17,,02-2297-0166
이태원숯불구이 1호점,"육류,고기",4.5,2,https://place.map.kakao.com/27510733,서울 용산구 녹사평대로32길 43,,02-797-7777
봉쥬르스고이,일식,4.9,14,https://place.map.kakao.com/1085143406,서울 용산구 회나무로 32 지하1층,,070-8868-1119
푸시풋살룬,칵테일바,3.6,66,https://place.map.kakao.com/1886229314,서울 용산구 대사관로31길 7-6 지하1층,,02-792-5945
원조보리밥수제비,한식,3.6,4,https://place.map.kakao.com/16474414,서울 용산구 이태원로14길 24,,02-798-4762
사층빵집 이태원점,"제과,베이커리",3.3,14,https://place.map.kakao.com/74964888,서울 용산구 이태원로54길 66,,02-795-5255
드플로허,테마카페,4.0,11,https://place.map.kakao.com/27495423,서울 용산구 대사관로5길 34,,02-790-5246
에머이 이태원점,베트남음식,3.1,14,https://place.map.kakao.com/686239492,서울 용산구 이태원로 180 1층,,02-3785-0588
이태원동74-7,와인바,1.8,52,https://place.map.kakao.com/601445668,"서울 용산구 이태원로20가길 1 1, 2층",,02-749-7470
더구름,와인바,4.7,0,https://place.map.kakao.com/1514769975,서울 용산구 이태원로 208 4층,,02-792-3113
에그슬럿 한남점,샌드위치,5.0,10,https://place.map.kakao.com/1736738305,서울 용산구 이태원로 221 임페리얼부티크호텔 1층,,070-4190-5129
뮤땅,양식,3.7,37,https://place.map.kakao.com/1978900413,서울 용산구 이태원로54길 68 지하1층,,070-7776-3052
파온,카페,3.6,72,https://place.map.kakao.com/1967398136,서울 용산구 이태원로45길 16,,010-3776-3570
드파운드,카페,4.3,1,https://place.map.kakao.com/568564474,서울 용산구 대사관로5길 14,,
커피스미스 경리단길점,커피전문점,2.1,3,https://place.map.kakao.com/26987091,서울 용산구 회나무로 43,,02-794-6740
스윗이스트 카페,카페,3.8,16,https://place.map.kakao.com/26416148,서울 용산구 녹사평대로32길 9,,02-790-3349
단코,칵테일바,3.7,11,https://place.map.kakao.com/361452418,서울 용산구 이태원로27가길 13 1층,,
스테이크하우스,"스테이크,립",3.1,24,https://place.map.kakao.com/1575776047,서울 용산구 소월로 322 그랜드하얏트호텔 LL층,,02-799-8273
우리솥뚜껑삼겹살,삼겹살,5.0,7,https://place.map.kakao.com/16447560,서울 용산구 이태원로 230-2,,
와플대학 이태원캠퍼스,"제과,베이커리",4.5,10,https://place.map.kakao.com/26596530,서울 용산구 이태원로26길 12 2층,,02-792-8410
넘버원양꼬치 보광점,양꼬치,2.3,10,https://place.map.kakao.com/12411257,서울 용산구 우사단로 2,,02-798-6518
밥한끼,"돈까스,우동",4.1,70,https://place.map.kakao.com/778385733,서울 용산구 독서당로 65-3 1층,,02-749-5999
오늘,한정식,5.0,4,https://place.map.kakao.com/17847794,서울 용산구 장문로 60,,02-792-1054
이파리,칵테일바,4.4,64,https://place.map.kakao.com/577374445,서울 용산구 녹사평대로40길 59-2 2층,,070-4947-1282
만남의광장,"호프,요리주점",0.0,11,https://place.map.kakao.com/1370461238,서울 용산구 이태원로27가길 18 지하 1층,,
보일링크랩앤쉬림프,해산물,3.3,14,https://place.map.kakao.com/1475977153,서울 용산구 녹사평대로40나길 1 3층,,02-792-8864
5412,한식,2.9,120,https://place.map.kakao.com/553142049,서울 용산구 이태원로54가길 12 지하 1층,,02-790-7990
베쓰푸틴,양식,4.6,17,https://place.map.kakao.com/1300717009,서울 용산구 보광로 72 1층,,02-6015-0098
토키바야마,일식집,4.3,5,https://place.map.kakao.com/2065460351,서울 용산구 녹사평대로40다길 2 2층,,02-797-1028
피스틸,술집,3.6,2,https://place.map.kakao.com/26903451,서울 용산구 보광로59길 9,,02-797-6139
이바돔감자탕 이태원역점,감자탕,1.1,10,https://place.map.kakao.com/2009162769,서울 용산구 이태원로 176 2층,,02-793-1600
베이비기네스,양식,3.6,9,https://place.map.kakao.com/11624883,"서울 용산구 이태원로27가길 45 2, 3층",,02-6014-7177
핍스에비뉴,"스테이크,립",4.0,18,https://place.map.kakao.com/225599904,서울 용산구 이태원로27가길 8 2층,,02-794-7555
오스테리아오르조 한남,"스테이크,립",4.2,406,https://place.map.kakao.com/604720323,서울 용산구 한남대로20길 47 2층,,02-322-0801
라스트페이지 사운즈한남,와인바,3.1,28,https://place.map.kakao.com/957829974,서울 용산구 대사관로 35 5층,,02-790-5225
0305bar,칵테일바,4.0,17,https://place.map.kakao.com/1206189741,서울 용산구 이태원로19길 21 3층,,02-798-2220
더브라운 이태원점,디저트카페,3.3,5,https://place.map.kakao.com/804315180,"서울 용산구 이태원로 176-1 2,3층",,
술꼬마,"호프,요리주점",3.0,28,https://place.map.kakao.com/2017440134,서울 용산구 이태원로 143-15,,070-8861-6517
비비드,양식,4.7,24,https://place.map.kakao.com/1455199554,"서울 용산구 우사단로 47 6,7층",,02-797-1237
불이아 이태원점,중화요리,5.0,5,https://place.map.kakao.com/52468740,서울 용산구 이태원로 211 1층 101호,,02-797-6689
장미빛찜닭,닭요리,3.8,64,https://place.map.kakao.com/1331473122,서울 용산구 보광로32길 2,,02-792-8787
맥파이 이태원지점,양식,4.5,1,https://place.map.kakao.com/648431879,서울 용산구 녹사평대로54길 7 지하1층,,02-749-2703
보름달,갈비,3.0,5,https://place.map.kakao.com/10387239,서울 용산구 회나무로 48,,02-797-6443
어퍼이스트,피자,4.0,44,https://place.map.kakao.com/27547719,서울 용산구 녹사평대로40다길 2 그린빌라트 1층,,02-790-5980
이태원천상 이태원본점,일식집,3.3,14,https://place.map.kakao.com/12531945,서울 용산구 이태원로 227 1층,,02-749-2224
비손,양식,4.8,5,https://place.map.kakao.com/7903688,서울 용산구 이태원로27길 101,,02-790-0479
부산집,일본식주점,3.2,15,https://place.map.kakao.com/1962948747,서울 용산구 이태원로19길 3 1층,,
주식 이태원점,한식,4.8,0,https://place.map.kakao.com/458765529,서울 용산구 녹사평대로32길 36 1층,,
로드,칵테일바,5.0,21,https://place.map.kakao.com/975588274,서울 용산구 이태원로27가길 40,,010-9696-7951
한남다찌,술집,3.8,16,https://place.map.kakao.com/162571559,서울 용산구 이태원로 143-7 지하1층,,02-790-5712
한남소관,중화요리,3.4,72,https://place.map.kakao.com/153196498,서울 용산구 대사관로31길 20 지하1층,,02-792-5796
호박식당 한남점,한식,3.6,46,https://place.map.kakao.com/21338181,서울 용산구 한남대로21길 18,,02-798-7905
더미쓰리,카페,2.7,16,https://place.map.kakao.com/531795617,서울 용산구 녹사평대로40길 31 용이빌딩 2층,,
스테이모어,카페,4.1,6,https://place.map.kakao.com/905566232,서울 용산구 한남대로27가길 34 1층,,070-7723-2718
해피홈레스토랑,양식,4.2,5,https://place.map.kakao.com/18778526,서울 용산구 이태원로20길 2-10,,02-797-3185
도도,일식,4.0,49,https://place.map.kakao.com/2085940774,서울 용산구 대사관로31길 21 1층,,02-794-5146
선셋비치,"호프,요리주점",3.0,4,https://place.map.kakao.com/16883447,서울 용산구 이태원로 165-6,,
안티스트레스,카페,3.3,37,https://place.map.kakao.com/625597171,서울 용산구 이태원로20가길 9-7 2층,,
홍마방 이태원점,중화요리,2.5,21,https://place.map.kakao.com/1293293659,서울 용산구 이태원로19길 15 지하 1층,,
커피빈 이태원제일기획옆점,커피전문점,4.5,5,https://place.map.kakao.com/26553635,서울 용산구 이태원로 220 1층,,02-792-3560
로네펠트티하우스 한남점,양식,3.9,9,https://place.map.kakao.com/998870324,서울 용산구 대사관로11길 51 1층,,070-8814-2012
독라멘,일본식라면,4.0,17,https://place.map.kakao.com/1429534966,서울 용산구 이태원로27가길 54-6,,
재재식당,"돈까스,우동",3.2,161,https://place.map.kakao.com/1797203194,서울 용산구 녹사평대로40길 59-1,,02-790-1140
퍼프 타운PUFF TOWN,음식점,3.8,1,https://place.map.kakao.com/970369142,서울 용산구 이태원로20길 4,,
이화국시,국수,4.4,10,https://place.map.kakao.com/1573357479,서울 용산구 이태원로 143-9,,02-793-1490
빌라드라비노,이탈리안,2.4,5,https://place.map.kakao.com/145354988,서울 용산구 이태원로16길 15,,
더팔러서울,칵테일바,5.0,6,https://place.map.kakao.com/1005832581,서울 용산구 이태원로 164 지층,,010-3008-6130
프리츠 아르투아,양식,4.0,25,https://place.map.kakao.com/1929737451,서울 용산구 이태원로 258,,070-8691-1077
이태원무떡볶이 이태원점,떡볶이,4.7,4,https://place.map.kakao.com/477928878,서울 용산구 보광로 112 1층,,02-797-9996
